"RumorId","StockId","StockName","Sector","Type","Rarity","BasePrice","RarityWeight","Timeframe","ExpectedChange","Level1Text","Level2Text","Level3Text","Level4Text","Level5Text","RuntimeStatus","Source"
"item_cloudberry_fire_rumor","CLOUDBERRY","클라우드 베리","IT/기술","Bearish","uncommon","1200","28","내일 아침","-5% ~ -15% 하락 예상","구름 속 열매 보관하는 창고에서 밤새 검은 연기가 났대. 장부도 같이 그을렸다더라. 아침에 문 열면 맡겨 둔 물건 찾으러 온 사람들이 가만있을까? 소방차가 어디로 갔는지부터 찾아봐.","IT 업체 서버 창고에 불이 났다는 얘기야. 하늘과 과일을 간판에 같이 단 집이지. 손님들 기록까지 잃었다는데, 내일 아침 소문이 밖으로 새면 아래쪽 바람이 불 수 있겠어.","IT 쪽 악재야. 구름과 열매를 이름에 품은 업체의 데이터 센터 화재 소문이지. 고객 데이터 유실까지 거론돼. 내일 아침 보도가 하락 계기가 될 수 있어. 피해 규모는 더 확인해야 해.","클라우드 베리 메인 데이터 센터에 화재가 났고 고객 데이터가 유실됐다는 첩보야. 내일 아침 보도가 예상돼. 복구 비용과 고객 이탈 때문에 하락을 걱정하는 분위기지만 정확한 폭은 아직 몰라.","클라우드 베리의 메인 데이터 센터 화재와 고객 데이터 유실 소식이 내일 아침 공개될 거라는 제보야. -5% ~ -15% 하락 예상. 제보 내용과 실제 시장 반응은 다를 수 있으니 확인해 봐.","ImplementedText","web/js/data/additionalRumors.js"
"item_stardust_contract_rumor","STARDUST","스타더스트","엔터/미디어","Bullish","rare","2000","15","오늘 밤","+5% ~ +15% 상승 예상","별가루 쓸어 담는 집에 유난히 큰 별 하나가 내려앉는다더라. 바다 건너서 온 목소리래. 오늘 해가 지면 새 문패가 걸릴 수도 있겠지. 객석이 꽉 차면 그 집 금고도 바빠질 거야.","엔터 회사가 해외 유명 가수를 데려온다는 소문이야. 별을 잘게 부순 이름의 그 집 말이지. 오늘 밤 새 식구를 공개한다는데, 공연판이 커지면 간판도 위로 들썩일 듯해.","엔터 호재야. 별가루 이름의 업체가 글로벌 팝스타와 전속 계약을 맺었다는 제보지. 오늘 밤 공시가 상승 계기가 될 전망이야. 계약 규모는 아직 말이 갈려.","스타더스트가 글로벌 팝스타와 전속 계약을 체결했다는 내부 제보야. 오늘 밤 공시 예정이고 해외 공연과 IP 매출 확대가 상승 근거래. 예상 상승 폭은 마지막 단서를 더 봐야 해.","스타더스트의 글로벌 팝스타 전속 계약 소식이 오늘 밤 공개될 거라는 제보야. +5% ~ +15% 상승 예상. 제보 내용과 실제 시장 반응은 다를 수 있으니 확인해 봐.","ImplementedText","web/js/data/additionalRumors.js"
"item_stardust_scandal_rumor","STARDUST","스타더스트","엔터/미디어","Bearish","uncommon","1200","28","내일 아침","-5% ~ -15% 하락 예상","별가루 집에서 제일 밝던 애가 엉뚱한 테이블에 앉았대. 노래 대신 주사위 소리가 났다나. 아침 신문이 펼쳐지면 무대 조명부터 꺼질 수도 있겠지. 어느 별 이야기인지 맞춰봐.","엔터 업체의 간판 아티스트가 판돈 문제로 불려 갔대. 별을 흩뿌린 이름의 소속사야. 내일 아침 기사 준비 중이라는데 광고주가 먼저 발을 뺄까 걱정하는 눈치야.","엔터 악재야. 별가루 이름의 소속사 간판 아티스트가 불법 도박 조사에 연루됐다는 소문이지. 내일 아침 보도가 하락 계기가 될 수 있어. 조사 결과는 아직 확정되지 않았어.","스타더스트 간판 아티스트의 불법 도박 연루 조사 소식이 내일 아침 보도될 거래. 광고 계약과 공연 취소 위험 때문에 하락이 예상된대. 혐의 확정이나 하락 폭까지 확인된 건 아니야.","스타더스트의 간판 아티스트 불법 도박 연루 조사 소식이 내일 아침 공개될 거라는 제보야. -5% ~ -15% 하락 예상. 제보 내용과 실제 시장 반응은 다를 수 있으니 확인해 봐.","ImplementedText","web/js/data/additionalRumors.js"
"item_forestlab_approval_rumor","FORESTLAB","포레스트 랩","바이오/제약","Bullish","rare","2000","15","내일 아침","+5% ~ +15% 상승 예상","숲속 실험실에서 키우던 풀이 바다 건너 문지기를 통과했대. 아무 풀이나 들여보내는 문은 아니지. 아침에 도장이 공개되면 먼 나라 손님들도 줄을 설지 몰라. 숲 이름 붙은 집을 찾아봐.","바이오 업체의 암 치료 약이 미국 쪽 큰 문을 넘었다는 소문이야. 나무 많은 곳에 실험실을 차린 이름이지. 내일 아침 성적표가 나오면 위로 바람이 불 것 같대.","바이오 호재야. 숲속 연구실을 뜻하는 업체의 면역 항암제가 FDA 승인을 받았다는 제보야. 내일 아침 공시가 예상되고 해외 판매 기대가 상승 근거래. 숫자는 아직 흐릿해.","포레스트 랩 면역 항암제가 FDA 승인을 받았다는 내부 제보야. 내일 아침 공시 예정이고 미국 시장 진출이 상승 근거로 꼽혀. 실제 매출 규모와 상승 폭은 추가 확인이 필요해.","포레스트 랩의 면역 항암제 FDA 승인 소식이 내일 아침 공개될 거라는 제보야. +5% ~ +15% 상승 예상. 제보 내용과 실제 시장 반응은 다를 수 있으니 확인해 봐.","ImplementedText","web/js/data/additionalRumors.js"
"item_forestlab_side_effect_rumor","FORESTLAB","포레스트 랩","바이오/제약","Bearish","uncommon","1200","28","내일 아침","-5% ~ -15% 하락 예상","숲에서 만든 약을 먹은 사람들이 다시 병원 문을 두드렸대. 이번엔 좋은 소식 들으러 간 게 아니라더라. 아침에 기록이 펼쳐지면 연구실 문에 자물쇠가 걸릴 수도 있겠지. 어느 숲인지 알아봐.","바이오 쪽 임상 시험에서 환자 상태가 크게 나빠졌대. 숲을 간판에 단 연구실 이야기야. 내일 아침 보도 준비 중이라는데 시험을 멈출까 봐 아래쪽을 걱정하는 분위기래.","바이오 악재야. 숲 이름의 연구 업체 임상에서 중대한 부작용과 사망 사례가 조사 중이라는 소문이지. 내일 아침 보도가 하락 계기가 될 수 있어. 인과관계는 아직 확인되지 않았어.","포레스트 랩 임상 시험에서 중대한 부작용과 사망 사례가 조사 중이라는 제보야. 내일 아침 보도 예정이고 임상 중단 위험이 하락 근거로 꼽혀. 약물과의 인과관계나 정확한 하락 폭은 미확정이야.","포레스트 랩의 임상 시험 중 중대한 부작용과 사망 사례 조사 소식이 내일 아침 공개될 거라는 제보야. -5% ~ -15% 하락 예상. 제보 내용과 실제 시장 반응은 다를 수 있으니 확인해 봐.","ImplementedText","web/js/data/additionalRumors.js"
"item_coffee_queue_rumor","MORNINGBREW","모닝 브루","유통/소비","Bullish","common","500","50","이미 소문이 퍼지는 중","상승 가능성 · 폭 미확정","골목마다 빈 컵이 쌓였대. 새벽에 콩 볶는 집의 작은 손들이 쉬지 않고 움직인다더라. 새벽 커피집 얘기라는데 이름은 네가 맞춰봐. 아직 사람들 입을 타는 이야기니까 장부까지 확인해 봐.","유통/소비 쪽 이야기야. 골목마다 빈 컵이 쌓였대. 새벽에 콩 볶는 집의 작은 손들이 쉬지 않고 움직인다더라. 위쪽 바람을 기대하는 눈치지만, 어느 집인지부터 찾아봐.","유통/소비의 무인 카페의 출근 시간 주문 증가 소문이야. 새벽 커피집를 찾아봐. 이미 소문이 퍼지는 중에 확인할 만한 이야기고 상승 가능성이 거론돼. 규모는 아직 불분명해.","모닝 브루의 무인 카페의 출근 시간 주문 증가 이야기야. 근거는 출근길 주문표가 평소보다 길다는 점주 이야기래. 확인 시점은 이미 소문이 퍼지는 중. 상승 가능성은 있지만 숫자는 확인되지 않았어.","모닝 브루의 무인 카페의 출근 시간 주문 증가 소문이야. 출근길 주문표가 평소보다 길다는 점주 이야기가 근거로 꼽혀. 이미 소문이 퍼지는 중에 추가 확인이 가능할 전망이고 상승 가능성이 거론돼. 변동 폭과 진위는 미확정이야.","ImplementedText","web/js/data/ordinaryRumors.js"
"item_coffee_repair_rumor","MORNINGBREW","모닝 브루","유통/소비","Bearish","common","500","50","이미 소문이 퍼지는 중","하락 가능성 · 폭 미확정","콩 볶는 집에서 쇳소리가 잦아졌대. 커피 내리는 손보다 고치는 손이 더 바쁘다나. 새벽 커피집 얘기라는데 이름은 네가 맞춰봐. 아직 사람들 입을 타는 이야기니까 장부까지 확인해 봐.","유통/소비 쪽 이야기야. 콩 볶는 집에서 쇳소리가 잦아졌대. 커피 내리는 손보다 고치는 손이 더 바쁘다나. 아래쪽 바람을 걱정하는 눈치지만, 어느 집인지부터 찾아봐.","유통/소비의 카페 로봇 수리 비용 증가 소문이야. 새벽 커피집를 찾아봐. 이미 소문이 퍼지는 중에 확인할 만한 이야기고 하락 가능성이 거론돼. 규모는 아직 불분명해.","모닝 브루의 카페 로봇 수리 비용 증가 이야기야. 근거는 여러 매장의 수리 요청이 겹쳤다는 이야기래. 확인 시점은 이미 소문이 퍼지는 중. 하락 가능성은 있지만 숫자는 확인되지 않았어.","모닝 브루의 카페 로봇 수리 비용 증가 소문이야. 여러 매장의 수리 요청이 겹쳤다는 이야기가 근거로 꼽혀. 이미 소문이 퍼지는 중에 추가 확인이 가능할 전망이고 하락 가능성이 거론돼. 변동 폭과 진위는 미확정이야.","ImplementedText","web/js/data/ordinaryRumors.js"
"item_organic_orders_rumor","ORGANICTABLE","오가닉 테이블","유통/소비","Bullish","common","500","50","다음 집계 전후","상승 가능성 · 폭 미확정","초록 식탁에 앉았던 사람들이 또 자리를 잡는대. 빈 바구니가 다음 날 다시 채워진다더라. 초록 식탁 얘기라는데 이름은 네가 맞춰봐. 아직 사람들 입을 타는 이야기니까 장부까지 확인해 봐.","유통/소비 쪽 이야기야. 초록 식탁에 앉았던 사람들이 또 자리를 잡는대. 빈 바구니가 다음 날 다시 채워진다더라. 위쪽 바람을 기대하는 눈치지만, 어느 집인지부터 찾아봐.","유통/소비의 새벽 신선식품 배송 재주문 증가 소문이야. 초록 식탁를 찾아봐. 다음 집계 전후에 확인할 만한 이야기고 상승 가능성이 거론돼. 규모는 아직 불분명해.","오가닉 테이블의 새벽 신선식품 배송 재주문 증가 이야기야. 근거는 배송 기사들이 같은 주소를 다시 찾는다는 이야기래. 확인 시점은 다음 집계 전후. 상승 가능성은 있지만 숫자는 확인되지 않았어.","오가닉 테이블의 새벽 신선식품 배송 재주문 증가 소문이야. 배송 기사들이 같은 주소를 다시 찾는다는 이야기가 근거로 꼽혀. 다음 집계 전후에 추가 확인이 가능할 전망이고 상승 가능성이 거론돼. 변동 폭과 진위는 미확정이야.","ImplementedText","web/js/data/ordinaryRumors.js"
"item_organic_spoilage_rumor","ORGANICTABLE","오가닉 테이블","유통/소비","Bearish","common","500","50","다음 집계 전후","하락 가능성 · 폭 미확정","초록 식탁으로 가던 바구니가 길에서 오래 쉬었대. 도착했을 땐 버려야 할 잎이 많았다나. 초록 식탁 얘기라는데 이름은 네가 맞춰봐. 아직 사람들 입을 타는 이야기니까 장부까지 확인해 봐.","유통/소비 쪽 이야기야. 초록 식탁으로 가던 바구니가 길에서 오래 쉬었대. 도착했을 땐 버려야 할 잎이 많았다나. 아래쪽 바람을 걱정하는 눈치지만, 어느 집인지부터 찾아봐.","유통/소비의 냉장 배송 지연으로 인한 폐기 증가 소문이야. 초록 식탁를 찾아봐. 다음 집계 전후에 확인할 만한 이야기고 하락 가능성이 거론돼. 규모는 아직 불분명해.","오가닉 테이블의 냉장 배송 지연으로 인한 폐기 증가 이야기야. 근거는 배송 지연과 반품이 늘었다는 현장 이야기래. 확인 시점은 다음 집계 전후. 하락 가능성은 있지만 숫자는 확인되지 않았어.","오가닉 테이블의 냉장 배송 지연으로 인한 폐기 증가 소문이야. 배송 지연과 반품이 늘었다는 현장 이야기가 근거로 꼽혀. 다음 집계 전후에 추가 확인이 가능할 전망이고 하락 가능성이 거론돼. 변동 폭과 진위는 미확정이야.","ImplementedText","web/js/data/ordinaryRumors.js"
"item_wind_output_rumor","WINDHILL","윈드 힐","에너지","Bullish","common","500","50","다음 발전량 집계","상승 가능성 · 폭 미확정","바닷가 언덕의 큰 바람개비가 종일 돌았대. 쉬던 계량기도 덩달아 바빠졌다더라. 바람 언덕 얘기라는데 이름은 네가 맞춰봐. 아직 사람들 입을 타는 이야기니까 장부까지 확인해 봐.","에너지 쪽 이야기야. 바닷가 언덕의 큰 바람개비가 종일 돌았대. 쉬던 계량기도 덩달아 바빠졌다더라. 위쪽 바람을 기대하는 눈치지만, 어느 집인지부터 찾아봐.","에너지의 해상 풍력 발전량 증가 소문이야. 바람 언덕를 찾아봐. 다음 발전량 집계에 확인할 만한 이야기고 상승 가능성이 거론돼. 규모는 아직 불분명해.","윈드 힐의 해상 풍력 발전량 증가 이야기야. 근거는 최근 풍속과 가동 시간이 늘었다는 이야기래. 확인 시점은 다음 발전량 집계. 상승 가능성은 있지만 숫자는 확인되지 않았어.","윈드 힐의 해상 풍력 발전량 증가 소문이야. 최근 풍속과 가동 시간이 늘었다는 이야기가 근거로 꼽혀. 다음 발전량 집계에 추가 확인이 가능할 전망이고 상승 가능성이 거론돼. 변동 폭과 진위는 미확정이야.","ImplementedText","web/js/data/ordinaryRumors.js"
"item_wind_shutdown_rumor","WINDHILL","윈드 힐","에너지","Bearish","common","500","50","다음 발전량 집계","하락 가능성 · 폭 미확정","언덕의 바람개비 몇 개가 바람을 등지고 쉬고 있대. 고치는 사람들이 올라갔다더라. 바람 언덕 얘기라는데 이름은 네가 맞춰봐. 아직 사람들 입을 타는 이야기니까 장부까지 확인해 봐.","에너지 쪽 이야기야. 언덕의 바람개비 몇 개가 바람을 등지고 쉬고 있대. 고치는 사람들이 올라갔다더라. 아래쪽 바람을 걱정하는 눈치지만, 어느 집인지부터 찾아봐.","에너지의 터빈 정기 점검에 따른 일시 가동 중단 소문이야. 바람 언덕를 찾아봐. 다음 발전량 집계에 확인할 만한 이야기고 하락 가능성이 거론돼. 규모는 아직 불분명해.","윈드 힐의 터빈 정기 점검에 따른 일시 가동 중단 이야기야. 근거는 정비 차량과 정지 터빈이 목격됐다는 이야기래. 확인 시점은 다음 발전량 집계. 하락 가능성은 있지만 숫자는 확인되지 않았어.","윈드 힐의 터빈 정기 점검에 따른 일시 가동 중단 소문이야. 정비 차량과 정지 터빈이 목격됐다는 이야기가 근거로 꼽혀. 다음 발전량 집계에 추가 확인이 가능할 전망이고 하락 가능성이 거론돼. 변동 폭과 진위는 미확정이야.","ImplementedText","web/js/data/ordinaryRumors.js"
"item_sun_orders_rumor","SUNLIGHT","선 라이트","에너지","Bullish","common","500","50","다음 주문 집계","상승 가능성 · 폭 미확정","햇빛 담는 판을 찾는 지붕이 조금 늘었대. 작은 주문 봉투가 여러 장 들어왔다더라. 햇빛 간판 얘기라는데 이름은 네가 맞춰봐. 아직 사람들 입을 타는 이야기니까 장부까지 확인해 봐.","에너지 쪽 이야기야. 햇빛 담는 판을 찾는 지붕이 조금 늘었대. 작은 주문 봉투가 여러 장 들어왔다더라. 위쪽 바람을 기대하는 눈치지만, 어느 집인지부터 찾아봐.","에너지의 태양광 패널 소규모 추가 주문 소문이야. 햇빛 간판를 찾아봐. 다음 주문 집계에 확인할 만한 이야기고 상승 가능성이 거론돼. 규모는 아직 불분명해.","선 라이트의 태양광 패널 소규모 추가 주문 이야기야. 근거는 설치업체의 추가 주문 문의 이야기래. 확인 시점은 다음 주문 집계. 상승 가능성은 있지만 숫자는 확인되지 않았어.","선 라이트의 태양광 패널 소규모 추가 주문 소문이야. 설치업체의 추가 주문 문의 이야기가 근거로 꼽혀. 다음 주문 집계에 추가 확인이 가능할 전망이고 상승 가능성이 거론돼. 변동 폭과 진위는 미확정이야.","ImplementedText","web/js/data/ordinaryRumors.js"
"item_sun_returns_rumor","SUNLIGHT","선 라이트","에너지","Bearish","common","500","50","다음 품질 집계","하락 가능성 · 폭 미확정","햇빛 담는 판 몇 장이 다시 공장으로 돌아갔대. 밝아야 할 곳이 어둡다고 했다나. 햇빛 간판 얘기라는데 이름은 네가 맞춰봐. 아직 사람들 입을 타는 이야기니까 장부까지 확인해 봐.","에너지 쪽 이야기야. 햇빛 담는 판 몇 장이 다시 공장으로 돌아갔대. 밝아야 할 곳이 어둡다고 했다나. 아래쪽 바람을 걱정하는 눈치지만, 어느 집인지부터 찾아봐.","에너지의 패널 초기 불량 반품 증가 소문이야. 햇빛 간판를 찾아봐. 다음 품질 집계에 확인할 만한 이야기고 하락 가능성이 거론돼. 규모는 아직 불분명해.","선 라이트의 패널 초기 불량 반품 증가 이야기야. 근거는 설치 현장에서 반품 문의가 늘었다는 이야기래. 확인 시점은 다음 품질 집계. 하락 가능성은 있지만 숫자는 확인되지 않았어.","선 라이트의 패널 초기 불량 반품 증가 소문이야. 설치 현장에서 반품 문의가 늘었다는 이야기가 근거로 꼽혀. 다음 품질 집계에 추가 확인이 가능할 전망이고 하락 가능성이 거론돼. 변동 폭과 진위는 미확정이야.","ImplementedText","web/js/data/ordinaryRumors.js"
"item_bank_deposits_rumor","SAFEBANK","세이프 뱅크","금융","Bullish","common","500","50","다음 영업 집계","상승 가능성 · 폭 미확정","튼튼한 금고 앞에 작은 주머니들이 줄을 섰대. 한동안 열지 말아 달라는 손님이 많다더라. 튼튼한 금고 얘기라는데 이름은 네가 맞춰봐. 아직 사람들 입을 타는 이야기니까 장부까지 확인해 봐.","금융 쪽 이야기야. 튼튼한 금고 앞에 작은 주머니들이 줄을 섰대. 한동안 열지 말아 달라는 손님이 많다더라. 위쪽 바람을 기대하는 눈치지만, 어느 집인지부터 찾아봐.","금융의 정기예금 유입 증가 소문이야. 튼튼한 금고를 찾아봐. 다음 영업 집계에 확인할 만한 이야기고 상승 가능성이 거론돼. 규모는 아직 불분명해.","세이프 뱅크의 정기예금 유입 증가 이야기야. 근거는 지점 창구의 정기예금 상담 증가 이야기래. 확인 시점은 다음 영업 집계. 상승 가능성은 있지만 숫자는 확인되지 않았어.","세이프 뱅크의 정기예금 유입 증가 소문이야. 지점 창구의 정기예금 상담 증가 이야기가 근거로 꼽혀. 다음 영업 집계에 추가 확인이 가능할 전망이고 상승 가능성이 거론돼. 변동 폭과 진위는 미확정이야.","ImplementedText","web/js/data/ordinaryRumors.js"
"item_loan_arrears_rumor","GOLDPOCKET","골드 포켓","금융","Bearish","common","500","50","다음 대출 집계","하락 가능성 · 폭 미확정","금빛 주머니에서 나간 동전이 제때 안 돌아온대. 가게 문은 열렸는데 약속 날짜가 자꾸 밀린다더라. 금빛 주머니 얘기라는데 이름은 네가 맞춰봐. 아직 사람들 입을 타는 이야기니까 장부까지 확인해 봐.","금융 쪽 이야기야. 금빛 주머니에서 나간 동전이 제때 안 돌아온대. 가게 문은 열렸는데 약속 날짜가 자꾸 밀린다더라. 아래쪽 바람을 걱정하는 눈치지만, 어느 집인지부터 찾아봐.","금융의 소상공인 대출 연체 증가 소문이야. 금빛 주머니를 찾아봐. 다음 대출 집계에 확인할 만한 이야기고 하락 가능성이 거론돼. 규모는 아직 불분명해.","골드 포켓의 소상공인 대출 연체 증가 이야기야. 근거는 일부 상권의 상환 지연 이야기래. 확인 시점은 다음 대출 집계. 하락 가능성은 있지만 숫자는 확인되지 않았어.","골드 포켓의 소상공인 대출 연체 증가 소문이야. 일부 상권의 상환 지연 이야기가 근거로 꼽혀. 다음 대출 집계에 추가 확인이 가능할 전망이고 하락 가능성이 거론돼. 변동 폭과 진위는 미확정이야.","ImplementedText","web/js/data/ordinaryRumors.js"
"item_momo_pilot_rumor","MOMOSOLUTION","모모 솔루션","IT/기술","Bullish","uncommon","1200","28","도입 발표 전","상승 가능성 · 폭 미확정","돈 세는 작은 비서가 큰 금고집 면접을 봤대. 아직 정식 출근은 아니지만 시험 자리를 받았다더라. 돈 세는 작은 비서 얘기라는데 이름은 네가 맞춰봐. 아직 사람들 입을 타는 이야기니까 장부까지 확인해 봐.","IT/기술 쪽 이야기야. 돈 세는 작은 비서가 큰 금고집 면접을 봤대. 아직 정식 출근은 아니지만 시험 자리를 받았다더라. 위쪽 바람을 기대하는 눈치지만, 어느 집인지부터 찾아봐.","IT/기술의 AI 자산관리 서비스의 은행 시범 도입 소문이야. 돈 세는 작은 비서를 찾아봐. 도입 발표 전에 확인할 만한 이야기고 상승 가능성이 거론돼. 규모는 아직 불분명해.","모모 솔루션의 AI 자산관리 서비스의 은행 시범 도입 이야기야. 근거는 시범 도입 담당자의 일정과 테스트 계정 발급래. 확인 시점은 도입 발표 전. 상승 가능성은 있지만 숫자는 확인되지 않았어.","모모 솔루션의 AI 자산관리 서비스의 은행 시범 도입 소문이야. 시범 도입 담당자의 일정과 테스트 계정 발급가 근거로 꼽혀. 도입 발표 전에 추가 확인이 가능할 전망이고 상승 가능성이 거론돼. 변동 폭과 진위는 미확정이야.","ImplementedText","web/js/data/ordinaryRumors.js"
"item_patch_audit_rumor","PATCHWORK","패치워크","IT/기술","Bullish","uncommon","1200","28","검증 결과 공개 전","상승 가능성 · 폭 미확정","구멍 꿰매는 옷집에 검사관이 왔다 갔대. 몇 번 당겨 봐도 실밥이 버텼다고 하더라. 구멍 꿰매는 옷집 얘기라는데 이름은 네가 맞춰봐. 아직 사람들 입을 타는 이야기니까 장부까지 확인해 봐.","IT/기술 쪽 이야기야. 구멍 꿰매는 옷집에 검사관이 왔다 갔대. 몇 번 당겨 봐도 실밥이 버텼다고 하더라. 위쪽 바람을 기대하는 눈치지만, 어느 집인지부터 찾아봐.","IT/기술의 보안 서비스 외부 성능 검증 통과 소문이야. 구멍 꿰매는 옷집를 찾아봐. 검증 결과 공개 전에 확인할 만한 이야기고 상승 가능성이 거론돼. 규모는 아직 불분명해.","패치워크의 보안 서비스 외부 성능 검증 통과 이야기야. 근거는 외부 시험기관의 검증 일정과 통과 제보래. 확인 시점은 검증 결과 공개 전. 상승 가능성은 있지만 숫자는 확인되지 않았어.","패치워크의 보안 서비스 외부 성능 검증 통과 소문이야. 외부 시험기관의 검증 일정과 통과 제보가 근거로 꼽혀. 검증 결과 공개 전에 추가 확인이 가능할 전망이고 상승 가능성이 거론돼. 변동 폭과 진위는 미확정이야.","ImplementedText","web/js/data/ordinaryRumors.js"
"item_cable_delay_rumor","SCONNECT","S-커넥트","인프라","Bearish","uncommon","1200","28","공사 일정 수정 발표 전","하락 가능성 · 폭 미확정","도시 밑 긴 실을 잇던 사람들이 삽을 내려놨대. 땅은 준비됐는데 도장 하나가 안 내려온다더라. 도시의 긴 실을 잇는 집 얘기라는데 이름은 네가 맞춰봐. 아직 사람들 입을 타는 이야기니까 장부까지 확인해 봐.","인프라 쪽 이야기야. 도시 밑 긴 실을 잇던 사람들이 삽을 내려놨대. 땅은 준비됐는데 도장 하나가 안 내려온다더라. 아래쪽 바람을 걱정하는 눈치지만, 어느 집인지부터 찾아봐.","인프라의 광케이블 공사 인허가 지연 소문이야. 도시의 긴 실을 잇는 집를 찾아봐. 공사 일정 수정 발표 전에 확인할 만한 이야기고 하락 가능성이 거론돼. 규모는 아직 불분명해.","S-커넥트의 광케이블 공사 인허가 지연 이야기야. 근거는 일부 공구의 허가 일정 연기와 대기 인력래. 확인 시점은 공사 일정 수정 발표 전. 하락 가능성은 있지만 숫자는 확인되지 않았어.","S-커넥트의 광케이블 공사 인허가 지연 소문이야. 일부 공구의 허가 일정 연기와 대기 인력가 근거로 꼽혀. 공사 일정 수정 발표 전에 추가 확인이 가능할 전망이고 하락 가능성이 거론돼. 변동 폭과 진위는 미확정이야.","ImplementedText","web/js/data/ordinaryRumors.js"
"item_wave_delivery_rumor","WAVECOMM","웨이브 통신","인프라","Bullish","uncommon","1200","28","납품 발표 전","상승 가능성 · 폭 미확정","파도를 말로 바꾸는 집에서 작은 상자가 더 나간대. 먼 하늘과 이야기할 손님이 늘었다더라. 파도를 말로 바꾸는 집 얘기라는데 이름은 네가 맞춰봐. 아직 사람들 입을 타는 이야기니까 장부까지 확인해 봐.","인프라 쪽 이야기야. 파도를 말로 바꾸는 집에서 작은 상자가 더 나간대. 먼 하늘과 이야기할 손님이 늘었다더라. 위쪽 바람을 기대하는 눈치지만, 어느 집인지부터 찾아봐.","인프라의 위성 통신 단말 추가 납품 소문이야. 파도를 말로 바꾸는 집를 찾아봐. 납품 발표 전에 확인할 만한 이야기고 상승 가능성이 거론돼. 규모는 아직 불분명해.","웨이브 통신의 위성 통신 단말 추가 납품 이야기야. 근거는 단말 출하 명세와 추가 설치 일정래. 확인 시점은 납품 발표 전. 상승 가능성은 있지만 숫자는 확인되지 않았어.","웨이브 통신의 위성 통신 단말 추가 납품 소문이야. 단말 출하 명세와 추가 설치 일정가 근거로 꼽혀. 납품 발표 전에 추가 확인이 가능할 전망이고 상승 가능성이 거론돼. 변동 폭과 진위는 미확정이야.","ImplementedText","web/js/data/ordinaryRumors.js"
"item_cloudberry_contract_reversal_rumor","CLOUDBERRY","클라우드 베리","IT/기술","Conditional","legendary","15000","1","계약 발표 이틀 전 · 검수 결과는 발표 다음 날","수주 호재 이후 하락 반전 가능성 · 폭 미확정","구름 위 열매 창고가 큰 잔치를 준비한대. 그런데 초대장 뒤에 작은 글씨가 하나 더 있다더라. 축배 다음 날 창고 문을 검사한다나. 문이 안 열리면 잔칫값도 돌아온대. 이틀 남았으니 앞면만 보지 마.","IT 쪽 큰 수주 이야기 뒤에 조건이 붙었대. 구름과 과일 간판의 집이야. 잔치 뒤 검사가 끝나야 돈이 남는다더라. 이틀 뒤 호재가 알려져도 그 다음 날을 같이 봐야 해.","IT 수주 호재 다음에 검수 실패로 하락 반전할 수 있다는 제보야. 구름과 열매 이름의 업체 계약서에 검수 조건과 대금 반환 조항이 붙었대. 계약 발표는 이틀 뒤, 검수 결과는 그 다음 날이래.","클라우드 베리 수주 계약의 검수 조건과 대금 반환 조항을 함께 입수했어. 발표는 이틀 뒤지만 다음 날 검수를 통과해야 해. 내부 시험에서 오류가 있었다는 제보도 있어. 실패하면 호재 뒤 하락 반전 가능성이 있지만 확정은 아니야.","클라우드 베리의 이틀 뒤 수주 발표와 그 다음 날 검수 결과를 함께 봐. 계약서에는 검수 실패 시 대금 반환 조항이 있고, 내부 시험 오류 제보가 있어. 수주 발표는 호재지만 검수 실패가 확인되면 하락 반전할 수 있다는 조건부 정보야. 검수 통과 여부와 변동 폭은 미확정이야.","ImplementedText","web/js/data/ordinaryRumors.js"
"item_bit_logistics_rumor","CLOUDBERRY","클라우드 베리","IT/기술","Bullish","rare","2000","15","내일(Day +1) 장중 공시 반영","+18.5% ~ +25.0% 급등 예상","야, 새벽에 허브 지나가 봤어? 구름 위에서 열매 따는 집으로 상자가 죄다 몰리더라. 빈 상자는 아니고, 도시 하나 머릿속을 채울 물건이라나. 큰손이 다른 집 문은 안 두드렸대. 소문이 아침 햇빛 받으면 저 가지도 꽤 흔들리겠지. 어느 나무인지는 네가 찾아봐.","물류 허브에서 서버 부품이 한 IT 업체로만 나간대. 이름에 하늘이랑 과일이 같이 들어간 그 집 말이야. 도시를 똑똑하게 만드는 큰손이 손을 잡았다는 얘기가 돌아. 아직 간판은 안 걸렸지만, 장부가 열리면 위쪽으로 바람이 불 것 같아.","IT 쪽 호재야. 비트 물류 3번 허브에서 서버 부품 독점 출하가 잡혔어. 구름과 열매를 이름에 품은 업체가 정부 스마트시티 납품을 따냈다는 소문이지. 내일 공시가 뜨면 상승 쪽으로 움직일 거라는 얘기야. 계약 규모와 상승 폭은 아직 흐릿해.","클라우드 베리 얘기야. 비트 물류 3번 허브에서 차세대 분산 데이터 서버 부품이 독점 출하됐어. 정부 스마트시티 단독 납품 계약이 유력하고, 내일 공시가 상승의 계기가 될 전망이래. 얼마나 뛸지는 마지막 숫자가 안 잡혔어.","비트 물류 3번 허브에서 [클라우드 베리]의 차세대 분산 데이터 서버 부품이 전량 독점 출하되는 현장을 포착했습니다. 정부 스마트시티 인프라 단독 납품 계약이 확정적이며, 내일 공시 발표와 함께 주가가 +20% 이상 폭등할 것이 확실시됩니다!","ImplementedText","web/js/data/inventoryData.js;web/js/data/rumorClues.js"
"item_bionics_rumor","BIONICS","바이오닉스","바이오/제약","Bullish","epic","6000","6","2일 뒤 글로벌 바이오 포럼","+30.0% 이상 상한가 폭등","끊어진 전선을 몸 안에서 다시 잇는 집 있잖아. 거기서 세 번째 문까지 열었다더라. 바다 건너 사람들이 곧 모이는데, 그 자리에서 박수 소리가 나면 잠자던 간판도 깨어나겠지. 술집에서 들은 얘기니 네가 조각을 맞춰봐.","바이오 쪽에서 사람의 신호를 다시 잇는 기술이 마지막 고비를 넘겼대. 몸과 기계를 이어 부르는 이름의 그 업체 말이야. 해외 발표 자리가 가까워. 분위기는 위로 쏠리는데 아직 성적표는 밖에 안 나왔어.","바이오 호재야. 인공 신경 이식 기술의 임상 3상 통과 소문이야. 몸과 기계를 잇는 이름의 업체가 이틀 뒤 해외 학회에서 발표한대. 발표가 사실이면 강한 상승을 기대하는 눈치야. 정확한 폭은 더 확인해야 해.","안드레가 들고 온 바이오닉스 정보야. 3세대 인공 신경 이식 기술이 글로벌 임상 3상을 통과했다는 내용이지. 이틀 뒤 해외 학회 발표가 예정돼 있고 강한 상승이 예상된대. 상단이 어디일지는 아직 불분명해.","미드나잇 펍의 정보 브로커 안드레에게 입수한 극비 첩보입니다. [바이오닉스]가 개발 중인 3세대 인공 신경 이식 기술이 글로벌 임상 3상을 완벽하게 통과했습니다. 2일 뒤 해외 학회 발표와 함께 상한가 직행이 예정되어 있으니 미리 물량을 선점하세요.","ImplementedText","web/js/data/inventoryData.js;web/js/data/rumorClues.js"
"item_ecobattery_rumor","ECOBATTERY","에코 배터리","에너지/친환경","Bullish","rare","2000","15","2일 뒤 글로벌 모빌리티 엑스포","+15.0% ~ +22.0% 상승 예상","초록 주머니에 번개를 담는 집, 요즘 문 앞에 바퀴 자국이 많대. 제일 큰 수레꾼이 다른 집은 건너뛰고 거기서만 짐을 싣겠다고 했다나. 잔치에서 천막이 걷히면 그 주머니가 지금보다 묵직해질 수도 있겠지.","친환경 에너지 업체에 자동차 큰손이 붙었다는 소문이야. 푸른 이름을 단 전기 저장고를 찾아봐. 새 물건을 혼자 공급하기로 했다는데, 곧 열리는 엑스포에서 이야기가 나올 듯해. 바람은 위쪽이래.","에너지 섹터 호재야. 전고체 배터리 업체가 글로벌 완성차 1위와 독점 공급 계약을 맺었다는 얘기지. 친환경을 이름 앞에 단 그 업체야. 이틀 뒤 모빌리티 엑스포 발표가 상승 계기가 될 전망이래. 금액은 아직 소문뿐이야.","에코 배터리가 글로벌 완성차 1위와 차세대 전고체 배터리 독점 공급 계약을 체결했다는 첩보야. 계약 규모는 5조 원, 이틀 뒤 모빌리티 엑스포에서 발표할 거래. 상승이 예상되지만 구체적인 폭은 더 확인해야 해.","글로벌 완성차 메이커 1위 업체와의 차세대 전고체 배터리 5조 원 독점 공급 계약 비공개 체결 소식 포착! 엑스포 개막 발표와 함께 강력한 주가 상승 탄력이 예상됩니다.","ImplementedText","web/js/data/inventoryData.js;web/js/data/rumorClues.js"
"item_studioluna_rumor","STUDIOLUNA","스튜디오 루나","엔터/미디어","Bullish","uncommon","1200","28","내일 신작 글로벌 출시일","+20.0% ~ +28.0% 폭등 예상","달 뜨는 작업실 앞에 줄 선 사람들 봤어? 문도 안 열었는데 번호표가 산더미라더라. 내일 막이 오르면 작은 화면 속 잔치가 시작된대. 표를 세는 손이 바빠지면 간판도 덩달아 들썩이겠지.","게임 만드는 엔터 업체가 출시 전부터 사람을 잔뜩 모았대. 밤하늘의 달을 간판으로 쓰는 작업실 말이야. 내일 문을 여는데, 작은 화면 속 장터 꼭대기를 노린다더라. 기대가 위로 쌓이는 중이야.","엔터 섹터 호재야. 달 이름을 단 스튜디오의 신작 RPG 사전예약이 크게 늘었어. 내일 글로벌 출시 때 스토어 매출 상위권을 기대한대. 상승 재료는 맞지만 예약자 수와 상승 폭은 아직 정확히 못 읽겠어.","스튜디오 루나의 신작 서브컬처 RPG 사전예약자가 350만 명을 넘었대. 내일 글로벌 출시, 스토어 매출 1위가 유력하다는 소문이야. 출시 당일 상승을 기대하는 분위기지만 정확한 상승 폭은 남아 있어.","비공개 신작 서브컬처 RPG 사전 예약자가 350만 명을 돌파했습니다! 구글/스토어 글로벌 매출 1위 랭크가 유력하여 출시 당일 급폭등 모멘텀이 기대됩니다.","ImplementedText","web/js/data/inventoryData.js;web/js/data/rumorClues.js"
"item_cozypay_rumor","COZYPAY","코지 페이","금융/핀테크","Bullish","epic","6000","6","3일 뒤 금융위원회 발표","+25.0% 이상 폭등 예상","포근한 지갑이 금고 열쇠랑 한 꾸러미가 된다더라. 동전이 길을 건널 때 두 집 문을 따로 두드릴 필요가 없어진대. 사흘쯤 뒤 도장이 찍히면 지나가는 발길이 한쪽으로 몰리겠지. 그 길목 간판부터 찾아봐.","간편결제 업체가 제일 큰 은행과 주머니를 합친다는 얘기야. 편안하게 돈 내라는 이름의 그 집이지. 서로 몫을 나눠 새 회사를 만든대. 며칠 뒤 발표가 나오면 위로 움직일 거란 소문이 돌아.","금융·핀테크 호재야. 포근한 이름의 결제 업체와 세이프 뱅크가 지분 교환으로 합작법인을 만든다는 소문이지. 사흘 뒤 발표가 예정돼 있어. 시장 점유율 확대가 상승 근거야. 정확한 지분과 상승 폭은 더 봐야 해.","코지 페이와 세이프 뱅크의 지분 교환 합작법인 출범 합의가 잡혔어. 양사 인프라 통합으로 간편결제 점유율 60%를 노린대. 사흘 뒤 금융위원회 발표가 상승 계기가 될 전망이지만 상승 폭은 아직 불분명해.","상업 은행 1위 세이프 뱅크와의 메가 핀테크 지분 교환 합작법인 출범 비공개 합의! 양사 인프라 통합으로 간편결제 시장 점유율 60%를 독점할 것이 확실시됩니다.","ImplementedText","web/js/data/inventoryData.js;web/js/data/rumorClues.js"
